Id,PersonID,AssesseeID,AssessmentSessionID,AssessmentSessionAttemptID,DateOfBirth,BirthYear,Age,Sex,LanguageCode,SessionID,SessionDate,SessionTime,SessionAttempt,SessionDuration,SessionCompletionPass,SessionPerformancePass,SessionIntegrityPass,TestId,Test,TestCode,TestVersion,TestPhase,Round,TestAttempt,TestCompletionPass,TestPerformancePass,TestIntegrityPass,TestDuration,PrimaryOutcome,ReactionTime,RawReactionTime,RTVariability,RawRTVariability,Accuracy,RawAccuracy,TotalCorrect,TotalCorrectExclPant,TotalErrors,LegalErrors,RuleBreakErrors,TotalAnticipatory,TotalPost,TotalMaxOut,TotalCorrectFoils,TotalResponses,TotalTrials,StandardScoreZ,StandardScoreT,ChangeScore,PsyAttStdScr,PsyAttChange,LearnWMStdScr,LearnWMChange,Issue,Comment,TestUpdateDate,WorkflowInstanceId,CreateDate,UpdatedBy,IsTest,StudyProtocolName,SponsorName,StudyCodeName,StudyId,LocalityName,VisitSessionName,VisitSessionId,VisitName,VisitId,SiteCode,SiteId,ParticipantUniqueId,ParticipantId,SubjectId,RandomizationID,QualificationStatusId,QualificationStatusName,QualificationStatus,PRInstanceQualificationStatusId,PRInstanceQualificationStatusName,PRInstanceQualificationStatus,IQNumber,AssessmentTestId,ExtractRowId,UpdateDate,AltLearnWMStdScr,AltStandardScoreZ,AltStandardScoreT,NormativeAge,AlternateOutcome,TestIdentifier,MovesPerSecond,ReturnToHead,PerseverativeErrors,WithinSearchErrors,GMLTIndex
1068061,12481,20976,13049,17037,1/01/1978,1978,40,Male,en_US,13754,29/10/2018,05:09:12:000,1,765930,Yes,Yes,Yes,4,OneBack,OneBack,Adult,Real,Total,1,Yes,Yes,NULL,90068,1.156338594,2.915025653,910.0645161,0.194964049,446.7798813,1.156338594,0.837837838,31,31,6,6,0,0,0,0,NULL,37,37,-1.727658591,82.72341409,NULL,86.013195,NULL,79.27950236,NULL,NULL,NULL,09:32.6,17189,08:49.8,ProxyUser_be72662ab62c485792bb0283e0a788f8,1,PRO123,DarrenSponsor,TestProcessor,138,USA - English,Session 1,384,Session One,317,NULL,NULL,1e5f3572-506e-4b6a-bced-6b516388c8d3,11647,NULL,NULL,12,Tier 1,Tier 1,12,Tier 1,Tier 1,76783396393,38523,124812097613049170371375438523438523AdultReal1,10:00.1,89.97732347,-0.581792994,94.18207006,40,2.915025653,4EC15C72-5DFE-4FED-BDED-0F5DD276932F,NULL,NULL,NULL,NULL,NULL
1068062,12481,20976,13049,17037,1/01/1978,1978,40,Male,en_US,13754,29/10/2018,05:09:12:000,1,765930,Yes,Yes,Yes,2,Identification,Identification,Adult,Real,Total,1,Yes,Yes,NULL,67616,2.732144986,2.732144986,553.5666667,0.09645296,136.8496994,1.264518958,0.909090909,30,30,3,3,0,0,0,0,NULL,33,33,-1.079387188,89.20612812,NULL,86.013195,NULL,79.27950236,NULL,NULL,NULL,09:32.6,17189,08:49.8,ProxyUser_be72662ab62c485792bb0283e0a788f8,1,PRO123,DarrenSponsor,TestProcessor,138,USA - English,Session 1,384,Session One,317,NULL,NULL,1e5f3572-506e-4b6a-bced-6b516388c8d3,11647,NULL,NULL,12,Tier 1,Tier 1,12,Tier 1,Tier 1,76783396393,38521,124812097613049170371375438521238521AdultReal1,10:00.1,89.97732347,NULL,NULL,40,NULL,4EC15C72-5DFE-4FED-BDED-0F5DD276932F,NULL,NULL,NULL,NULL,NULL
1068063,12481,20976,13049,17037,1/01/1978,1978,40,Male,en_US,13754,29/10/2018,05:09:12:000,1,765930,Yes,Yes,Yes,1,Detection,Detection,Adult,Real,Total,1,Yes,Yes,Yes,72968,2.603711117,2.603711117,421.2,0.131233508,144.2432178,1.342359325,0.948717949,37,35,2,NULL,2,2,0,0,NULL,39,37,-1.426245272,85.73754728,NULL,86.013195,NULL,79.27950236,NULL,NULL,NULL,09:32.6,17189,08:49.8,ProxyUser_be72662ab62c485792bb0283e0a788f8,1,PRO123,DarrenSponsor,TestProcessor,138,USA - English,Session 1,384,Session One,317,NULL,NULL,1e5f3572-506e-4b6a-bced-6b516388c8d3,11647,NULL,NULL,12,Tier 1,Tier 1,12,Tier 1,Tier 1,76783396393,38520,124812097613049170371375438520138520AdultReal1,10:00.1,89.97732347,NULL,NULL,40,NULL,4EC15C72-5DFE-4FED-BDED-0F5DD276932F,NULL,NULL,NULL,NULL,NULL
1068064,12481,20976,13049,17037,1/01/1978,1978,40,Male,en_US,13754,29/10/2018,05:09:12:000,1,765930,Yes,Yes,Yes,3,OneCardLearning,OneCardLearning,Adult,Real,Total,1,Yes,Yes,NULL,171515,0.809798091,2.537474919,360.9534884,0.127104375,124.3300051,0.809798091,0.524390244,43,43,39,37,2,1,1,NULL,NULL,119,80,-1.41408272,85.8591728,NULL,86.013195,NULL,79.27950236,NULL,NULL,NULL,09:32.6,17189,08:49.8,ProxyUser_be72662ab62c485792bb0283e0a788f8,1,PRO123,DarrenSponsor,TestProcessor,138,USA - English,Session 1,384,Session One,317,NULL,NULL,1e5f3572-506e-4b6a-bced-6b516388c8d3,11647,NULL,NULL,12,Tier 1,Tier 1,12,Tier 1,Tier 1,76783396393,38522,124812097613049170371375438522338522AdultReal1,10:00.1,89.97732347,NULL,NULL,40,NULL,4EC15C72-5DFE-4FED-BDED-0F5DD276932F,NULL,NULL,NULL,NULL,NULL
