Id,PersonID,AssesseeID,AssessmentSessionID,AssessmentSessionAttemptID,DateOfBirth,BirthYear,Age,Sex,LanguageCode,SessionID,SessionDate,SessionTime,SessionAttempt,SessionDuration,SessionCompletionPass,SessionPerformancePass,SessionIntegrityPass,TestId,Test,TestCode,TestVersion,TestPhase,Round,TestAttempt,TestCompletionPass,TestPerformancePass,TestIntegrityPass,TestDuration,PrimaryOutcome,ReactionTime,RawReactionTime,RTVariability,RawRTVariability,Accuracy,RawAccuracy,TotalCorrect,TotalCorrectExclPant,TotalErrors,LegalErrors,RuleBreakErrors,TotalAnticipatory,TotalPost,TotalMaxOut,TotalCorrectFoils,TotalResponses,TotalTrials,StandardScoreZ,StandardScoreT,ChangeScore,PsyAttStdScr,PsyAttChange,LearnWMStdScr,LearnWMChange,Issue,Comment,TestUpdateDate,WorkflowInstanceId,CreateDate,UpdatedBy,IsTest,StudyProtocolName,SponsorName,StudyCodeName,StudyId,LocalityName,VisitSessionName,VisitSessionId,VisitName,VisitId,SiteCode,SiteId,ParticipantUniqueId,ParticipantId,SubjectId,RandomizationID,QualificationStatusId,QualificationStatusName,QualificationStatus,PRInstanceQualificationStatusId,PRInstanceQualificationStatusName,PRInstanceQualificationStatus,IQNumber,AssessmentTestId,ExtractRowId,UpdateDate,AltLearnWMStdScr,AltStandardScoreZ,AltStandardScoreT,NormativeAge,AlternateOutcome,TestIdentifier,MovesPerSecond,ReturnToHead,PerseverativeErrors,WithinSearchErrors,GMLTIndex
1068055,12480,20975,13048,17036,1/01/1978,1978,40,Male,en_US,13753,29/10/2018,04:53:21:000,1,589374,Yes,Yes,Yes,3,OneCardLearning,OneCardLearning,Adult,Real,Total,1,Yes,Yes,NULL,148594,1.570796327,2.572649275,386.65,0.100348599,141.7089279,1.570796327,1,80,80,0,0,0,0,0,NULL,NULL,80,80,5.276011664,152.7601166,NULL,99.35396791,NULL,144.6724685,NULL,NULL,NULL,53:20.8,17188,53:07.7,ProxyUser_d00f44d2cf124047bd027a51e4472a47,0,Ranorex Protocol723487,Cogstate,Ranorex Project Name723487,141582,USA - English,Session 1,1499,Visit 1,1377,NULL,NULL,c9b359f8-f92a-4cb3-8808-9d1e1fba97ba,11646,NULL,NULL,13,Tier 2,Tier 2,13,Tier 2,Tier 2,528923,38518,124802097513048170361375338518338518AdultReal1,54:00.4,146.8643998,NULL,NULL,40,NULL,33767E00-6431-430D-8544-F8267D7E47C0,NULL,NULL,NULL,NULL,NULL
1068056,12480,20975,13048,17036,1/01/1978,1978,40,Male,en_US,13753,29/10/2018,04:53:21:000,1,589374,Yes,Yes,Yes,4,OneBack,OneBack,Adult,Real,Total,1,Yes,Yes,NULL,56955,1.570796327,2.482887313,308.8387097,0.07770159,56.80205206,1.570796327,1,31,31,0,0,0,0,0,0,NULL,31,31,1.497442431,114.9744243,NULL,99.35396791,NULL,144.6724685,NULL,NULL,NULL,53:20.8,17188,53:07.7,ProxyUser_d00f44d2cf124047bd027a51e4472a47,0,Ranorex Protocol723487,Cogstate,Ranorex Project Name723487,141582,USA - English,Session 1,1499,Visit 1,1377,NULL,NULL,c9b359f8-f92a-4cb3-8808-9d1e1fba97ba,11646,NULL,NULL,13,Tier 2,Tier 2,13,Tier 2,Tier 2,528923,38519,124802097513048170361375338519438519AdultReal1,54:00.4,146.8643998,4.056377452,140.5637745,40,2.482887313,33767E00-6431-430D-8544-F8267D7E47C0,NULL,NULL,NULL,NULL,NULL
1068057,12480,20975,13048,17036,1/01/1978,1978,40,Male,en_US,13753,29/10/2018,04:53:21:000,1,589374,Yes,Yes,Yes,2,Identification,Identification,Adult,Real,Total,1,Yes,Yes,NULL,60396,2.649015164,2.649015164,453.5,0.084493068,82.15953782,1.570796327,1,30,30,0,0,0,0,0,0,NULL,30,30,0.150707842,101.5070784,NULL,99.35396791,NULL,144.6724685,NULL,NULL,NULL,53:20.8,17188,53:07.7,ProxyUser_d00f44d2cf124047bd027a51e4472a47,0,Ranorex Protocol723487,Cogstate,Ranorex Project Name723487,141582,USA - English,Session 1,1499,Visit 1,1377,NULL,NULL,c9b359f8-f92a-4cb3-8808-9d1e1fba97ba,11646,NULL,NULL,13,Tier 2,Tier 2,13,Tier 2,Tier 2,528923,38517,124802097513048170361375338517238517AdultReal1,54:00.4,146.8643998,NULL,NULL,40,NULL,33767E00-6431-430D-8544-F8267D7E47C0,NULL,NULL,NULL,NULL,NULL
1068058,12480,20975,13048,17036,1/01/1978,1978,40,Male,en_US,13753,29/10/2018,04:53:21:000,1,589374,Yes,Yes,Yes,1,Detection,Detection,Adult,Real,Total,1,Yes,Yes,Yes,63976,2.49796811,2.49796811,318.5142857,0.06837842,49.3006213,1.570796327,1,35,35,0,NULL,0,0,0,0,NULL,35,35,-0.272349519,97.27650481,NULL,99.35396791,NULL,144.6724685,NULL,NULL,NULL,53:20.8,17188,53:07.7,ProxyUser_d00f44d2cf124047bd027a51e4472a47,0,Ranorex Protocol723487,Cogstate,Ranorex Project Name723487,141582,USA - English,Session 1,1499,Visit 1,1377,NULL,NULL,c9b359f8-f92a-4cb3-8808-9d1e1fba97ba,11646,NULL,NULL,13,Tier 2,Tier 2,13,Tier 2,Tier 2,528923,38516,124802097513048170361375338516138516AdultReal1,54:00.4,146.8643998,NULL,NULL,40,NULL,33767E00-6431-430D-8544-F8267D7E47C0,NULL,NULL,NULL,NULL,NULL
