Id,PersonID,AssesseeID,AssessmentSessionID,AssessmentSessionAttemptID,DateOfBirth,BirthYear,Age,Sex,LanguageCode,SessionID,SessionDate,SessionTime,SessionAttempt,SessionDuration,SessionCompletionPass,SessionPerformancePass,SessionIntegrityPass,TestId,Test,TestCode,TestVersion,TestPhase,Round,TestAttempt,TestCompletionPass,TestPerformancePass,TestIntegrityPass,TestDuration,PrimaryOutcome,ReactionTime,RawReactionTime,RTVariability,RawRTVariability,Accuracy,RawAccuracy,TotalCorrect,TotalCorrectExclPant,TotalErrors,LegalErrors,RuleBreakErrors,TotalAnticipatory,TotalPost,TotalMaxOut,TotalCorrectFoils,TotalResponses,TotalTrials,StandardScoreZ,StandardScoreT,ChangeScore,PsyAttStdScr,PsyAttChange,LearnWMStdScr,LearnWMChange,Issue,Comment,TestUpdateDate,WorkflowInstanceId,CreateDate,UpdatedBy,IsTest,StudyProtocolName,SponsorName,StudyCodeName,StudyId,LocalityName,VisitSessionName,VisitSessionId,VisitName,VisitId,SiteCode,SiteId,ParticipantUniqueId,ParticipantId,SubjectId,RandomizationID,QualificationStatusId,QualificationStatusName,QualificationStatus,PRInstanceQualificationStatusId,PRInstanceQualificationStatusName,PRInstanceQualificationStatus,IQNumber,AssessmentTestId,ExtractRowId,UpdateDate,AltLearnWMStdScr,AltStandardScoreZ,AltStandardScoreT,NormativeAge,AlternateOutcome,TestIdentifier,MovesPerSecond,ReturnToHead,PerseverativeErrors,WithinSearchErrors,GMLTIndex
1067691,12365,20929,13001,16958,1/01/1978,1978,40,Male,en_US,13682,24/10/2018,02:43:08:000,1,597469,Yes,Yes,Yes,1,Detection,Detection,Adult,Real,Total,1,Yes,Yes,Yes,66298,2.529411201,2.529411201,341.8571429,0.063944358,48.14386703,1.570796327,1,35,35,0,NULL,0,0,0,0,NULL,35,35,-0.61546487,93.8453513,NULL,100.2006725,NULL,128.985988,NULL,NULL,NULL,43:10.6,17110,43:00.4,ProxyUser_f4eae5eba50b4a0cb121c24a1fb32b42,0,Ranorex Protocol469195,Cogstate,Ranorex Project Name469195,106166,USA - English,Session 1,1417,Visit 1,1295,NULL,NULL,3499a5fa-8880-4833-840e-eac38866e4f5,11600,NULL,NULL,12,Tier 1,Tier 1,14,Tier 3,Tier 3,469195,38207,123652092913001169581368238207138207AdultReal1,44:30.2,133.4615502,NULL,NULL,40,NULL,EA79F7AE-E3C9-49FC-969B-05210D3A18FD,NULL,NULL,NULL,NULL,NULL
1067692,12365,20929,13001,16958,1/01/1978,1978,40,Male,en_US,13682,24/10/2018,02:43:08:000,1,597469,Yes,Yes,Yes,4,OneBack,OneBack,Adult,Real,Total,1,Yes,Yes,NULL,56672,1.570796327,2.509956031,327.3225806,0.067372058,50.29008325,1.570796327,1,31,31,0,0,0,0,0,0,NULL,31,31,1.497442431,114.9744243,NULL,100.2006725,NULL,128.985988,NULL,NULL,NULL,43:10.6,17110,43:00.4,ProxyUser_f4eae5eba50b4a0cb121c24a1fb32b42,0,Ranorex Protocol469195,Cogstate,Ranorex Project Name469195,106166,USA - English,Session 1,1417,Visit 1,1295,NULL,NULL,3499a5fa-8880-4833-840e-eac38866e4f5,11600,NULL,NULL,12,Tier 1,Tier 1,14,Tier 3,Tier 3,469195,38210,123652092913001169581368238210438210AdultReal1,44:30.2,133.4615502,3.765847045,137.6584704,40,2.509956031,EA79F7AE-E3C9-49FC-969B-05210D3A18FD,NULL,NULL,NULL,NULL,NULL
1067687,12365,20929,13001,16958,1/01/1978,1978,40,Male,en_US,13682,24/10/2018,02:43:08:000,1,597469,Yes,Yes,Yes,3,OneCardLearning,OneCardLearning,Adult,Real,Total,1,Yes,Yes,NULL,149827,1.300246564,2.55926408,381.4358974,0.122217093,170.0983359,1.300246564,0.928571429,78,78,7,3,4,0,4,NULL,NULL,87,80,2.897552209,128.9755221,NULL,100.2006725,NULL,128.985988,NULL,NULL,NULL,43:10.6,17110,43:00.4,ProxyUser_f4eae5eba50b4a0cb121c24a1fb32b42,0,Ranorex Protocol469195,Cogstate,Ranorex Project Name469195,106166,USA - English,Session 1,1417,Visit 1,1295,NULL,NULL,3499a5fa-8880-4833-840e-eac38866e4f5,11600,NULL,NULL,12,Tier 1,Tier 1,14,Tier 3,Tier 3,469195,38209,123652092913001169581368238209338209AdultReal1,44:30.2,133.4615502,NULL,NULL,40,NULL,EA79F7AE-E3C9-49FC-969B-05210D3A18FD,NULL,NULL,NULL,NULL,NULL
1067688,12365,20929,13001,16958,1/01/1978,1978,40,Male,en_US,13682,24/10/2018,02:43:08:000,1,597469,Yes,Yes,Yes,2,Identification,Identification,Adult,Real,Total,1,Yes,Yes,NULL,58114,2.615602184,2.615602184,421.4666667,0.092879332,84.38080078,1.570796327,1,30,30,0,0,0,0,0,0,NULL,30,30,0.645128967,106.4512897,NULL,100.2006725,NULL,128.985988,NULL,NULL,NULL,43:10.6,17110,43:00.4,ProxyUser_f4eae5eba50b4a0cb121c24a1fb32b42,0,Ranorex Protocol469195,Cogstate,Ranorex Project Name469195,106166,USA - English,Session 1,1417,Visit 1,1295,NULL,NULL,3499a5fa-8880-4833-840e-eac38866e4f5,11600,NULL,NULL,12,Tier 1,Tier 1,14,Tier 3,Tier 3,469195,38208,123652092913001169581368238208238208AdultReal1,44:30.2,133.4615502,NULL,NULL,40,NULL,EA79F7AE-E3C9-49FC-969B-05210D3A18FD,NULL,NULL,NULL,NULL,NULL
