Id,PersonID,AssesseeID,AssessmentSessionID,AssessmentSessionAttemptID,DateOfBirth,BirthYear,Age,Sex,LanguageCode,SessionID,SessionDate,SessionTime,SessionAttempt,SessionDuration,SessionCompletionPass,SessionPerformancePass,SessionIntegrityPass,TestId,Test,TestCode,TestVersion,TestPhase,Round,TestAttempt,TestCompletionPass,TestPerformancePass,TestIntegrityPass,TestDuration,PrimaryOutcome,ReactionTime,RawReactionTime,RTVariability,RawRTVariability,Accuracy,RawAccuracy,TotalCorrect,TotalCorrectExclPant,TotalErrors,LegalErrors,RuleBreakErrors,TotalAnticipatory,TotalPost,TotalMaxOut,TotalCorrectFoils,TotalResponses,TotalTrials,StandardScoreZ,StandardScoreT,ChangeScore,PsyAttStdScr,PsyAttChange,LearnWMStdScr,LearnWMChange,Issue,Comment,TestUpdateDate,WorkflowInstanceId,CreateDate,UpdatedBy,IsTest,StudyProtocolName,SponsorName,StudyCodeName,StudyId,LocalityName,VisitSessionName,VisitSessionId,VisitName,VisitId,SiteCode,SiteId,ParticipantUniqueId,ParticipantId,SubjectId,RandomizationID,QualificationStatusId,QualificationStatusName,QualificationStatus,PRInstanceQualificationStatusId,PRInstanceQualificationStatusName,PRInstanceQualificationStatus,IQNumber,AssessmentTestId,ExtractRowId,UpdateDate,AltLearnWMStdScr,AltStandardScoreZ,AltStandardScoreT,NormativeAge,AlternateOutcome,TestIdentifier,MovesPerSecond,ReturnToHead,PerseverativeErrors,WithinSearchErrors,GMLTIndex
1067121,12308,20882,12941,16860,1/01/1975,1975,43,Male,en_US,13593,16/10/2018,21:41:00:000,1,476251,Yes,No,Yes,4,OneBack,OneBack,Adult,Real,Total,1,Yes,Yes,NULL,81342,1.076580282,2.718673427,597.6451613,0.192495386,449.3213808,1.076580282,0.775,31,31,9,9,0,0,0,0,NULL,40,40,-2.348297546,76.51702454,NULL,92.19392034,NULL,72.39054032,NULL,NULL,NULL,48:59.2,17012,40:07.8,ProxyUser_81f2c6db706e4b2094dae6e5fedf7ca9,0,PRO123,DarrenSponsor,TestProcessor,138,USA - English,Session 1,384,Session One,317,NULL,NULL,74f9cff7-f7e5-47d4-8b2f-cf9c551615a7,11553,NULL,NULL,12,Tier 1,Tier 1,12,Tier 1,Tier 1,35902316398,37767,123082088212941168601359337767437767AdultReal1,36:00.3,98.43166306,1.525668912,115.2566891,43,2.718673427,DDD4982E-FBCF-43D6-A33C-098D760D0BCB,NULL,NULL,NULL,NULL,NULL
1067122,12308,20882,12941,16860,1/01/1975,1975,43,Male,en_US,13593,16/10/2018,21:41:00:000,1,476251,Yes,No,Yes,3,OneCardLearning,OneCardLearning,Adult,Real,Total,1,Yes,No,NULL,163008,0.761579632,2.548874454,379.8648649,0.15015686,180.1855775,0.761579632,0.476190476,40,37,44,40,4,3,1,NULL,NULL,124,80,-1.837981256,81.62018744,NULL,92.19392034,NULL,72.39054032,NULL,NULL,NULL,48:59.2,17012,40:07.8,ProxyUser_81f2c6db706e4b2094dae6e5fedf7ca9,0,PRO123,DarrenSponsor,TestProcessor,138,USA - English,Session 1,384,Session One,317,NULL,NULL,74f9cff7-f7e5-47d4-8b2f-cf9c551615a7,11553,NULL,NULL,12,Tier 1,Tier 1,12,Tier 1,Tier 1,35902316398,37766,123082088212941168601359337766337766AdultReal1,36:00.3,98.43166306,NULL,NULL,43,NULL,DDD4982E-FBCF-43D6-A33C-098D760D0BCB,NULL,NULL,NULL,NULL,NULL
1067123,12308,20882,12941,16860,1/01/1975,1975,43,Male,en_US,13593,16/10/2018,21:41:00:000,1,476251,Yes,No,Yes,2,Identification,Identification,Adult,Real,Total,1,Yes,Yes,NULL,72345,2.758707863,2.758707863,616.1333333,0.157162113,274.2401079,1.264518958,0.909090909,30,30,3,3,0,0,0,0,NULL,33,33,-1.472445439,85.27554561,NULL,92.19392034,NULL,72.39054032,NULL,NULL,NULL,48:59.2,17012,40:07.8,ProxyUser_81f2c6db706e4b2094dae6e5fedf7ca9,0,PRO123,DarrenSponsor,TestProcessor,138,USA - English,Session 1,384,Session One,317,NULL,NULL,74f9cff7-f7e5-47d4-8b2f-cf9c551615a7,11553,NULL,NULL,12,Tier 1,Tier 1,12,Tier 1,Tier 1,35902316398,37765,123082088212941168601359337765237765AdultReal1,36:00.3,98.43166306,NULL,NULL,43,NULL,DDD4982E-FBCF-43D6-A33C-098D760D0BCB,NULL,NULL,NULL,NULL,NULL
1067124,12308,20882,12941,16860,1/01/1975,1975,43,Male,en_US,13593,16/10/2018,21:41:00:000,1,476251,Yes,No,Yes,1,Detection,Detection,Adult,Real,Total,1,Yes,Yes,Yes,63841,2.466475507,2.466475507,305.4285714,0.127015986,95.68892176,1.570796327,1,35,35,0,NULL,0,0,0,0,NULL,35,35,0.071306127,100.7130613,NULL,92.19392034,NULL,72.39054032,NULL,NULL,NULL,48:59.2,17012,40:07.8,ProxyUser_81f2c6db706e4b2094dae6e5fedf7ca9,0,PRO123,DarrenSponsor,TestProcessor,138,USA - English,Session 1,384,Session One,317,NULL,NULL,74f9cff7-f7e5-47d4-8b2f-cf9c551615a7,11553,NULL,NULL,12,Tier 1,Tier 1,12,Tier 1,Tier 1,35902316398,37764,123082088212941168601359337764137764AdultReal1,36:00.3,98.43166306,NULL,NULL,43,NULL,DDD4982E-FBCF-43D6-A33C-098D760D0BCB,NULL,NULL,NULL,NULL,NULL
