IQNumber,DateOfBirth,BirthYear,Age,SessionID,SessionDate,SessionTime,SessionAttempt,SessionDuration,SessionCompletionPass,SessionPerformancePass,SessionIntegrityPass,TestId,Test,TestCode,TestVersion,TestSubset,TestPhase,Round,TestAttempt,TestCompletionPass,TestPerformancePass,TestIntegrityPass,TestDuration,PrimaryOutcome,AlternateOutcome,ReactionTime,RawReactionTime,RTVariability,RawRTVariability,Accuracy,RawAccuracy,TotalCorrect,TotalCorrectExclPant,TotalErrors,LegalErrors,RuleBreakErrors,TotalAnticipatory,TotalPost,TotalMaxOut,TotalCorrectFoils,TotalResponses,TotalTrials,StandardScoreZ,StandardScoreT,AltStandardScoreZ,AltStandardScoreT,ChangeScore,MovesPerSecond,ReturnToHead,PerseverativeErrors,WithinSearchErrors,GMLTIndex,SATScore,PsyAttStdScr,PsyAttChange,LearnWMStdScr,LearnWMChange,AltLearnWMStdScr,TestIdentifier
28971005442,1/01/1978,1978,41,20493,17/06/2019,00:56:02:000,1,737711,Yes,No,Yes,1,Detection,DetectionAdultReal,Adult,NULL,Real,Total,1,Yes,Yes,Yes,79543,2.696551406,NULL,2.696551406,531.9714286,0.139556936,278.9756985,1.187970011,0.860465116,37,35,6,NULL,6,3,2,1,NULL,43,38,-2.439343151,75.60656849,NULL,NULL,NULL,NULL,NULL,NULL,NULL,NULL,NULL,78.29200947,NULL,72.58231219,NULL,99.10983796,C5FEC283-C44E-42BB-9D78-1AE79E8C412E
28971005442,1/01/1978,1978,41,20493,17/06/2019,00:56:02:000,1,737711,Yes,No,Yes,2,Identification,IdentificationAdultReal,Adult,NULL,Real,Total,1,Yes,No,NULL,81830,2.756924875,NULL,2.756924875,584.4,0.093442186,128.6217657,1.054267502,0.756097561,31,30,10,7,3,1,1,1,NULL,41,39,-1.446062074,85.53937926,NULL,NULL,NULL,NULL,NULL,NULL,NULL,NULL,NULL,78.29200947,NULL,72.58231219,NULL,99.10983796,C5FEC283-C44E-42BB-9D78-1AE79E8C412E
28971005442,1/01/1978,1978,41,20493,17/06/2019,00:56:02:000,1,737711,Yes,No,Yes,3,OneCardLearning,OnecardlearningAdultReal,Adult,NULL,Real,Total,1,Yes,Yes,NULL,177767,0.858832613,NULL,2.777230653,648.6808511,0.144406225,425.2159608,0.858832613,0.573170732,47,47,35,33,2,0,2,NULL,NULL,115,80,-0.983009994,90.16990006,NULL,NULL,NULL,NULL,NULL,NULL,NULL,NULL,NULL,78.29200947,NULL,72.58231219,NULL,99.10983796,C5FEC283-C44E-42BB-9D78-1AE79E8C412E
28971005442,1/01/1978,1978,41,20493,17/06/2019,00:56:02:000,1,737711,Yes,No,Yes,4,OneBack,OnebackAdultReal,Adult,NULL,Real,Total,1,Yes,No,NULL,96578,0.970444658,2.785748581,2.785748581,656.6774194,0.144840824,361.6989897,0.970444658,0.680851064,32,31,15,8,7,2,4,1,NULL,47,41,-3.174191437,68.25808563,0.805746686,108.0574669,NULL,NULL,NULL,NULL,NULL,NULL,NULL,78.29200947,NULL,72.58231219,NULL,99.10983796,C5FEC283-C44E-42BB-9D78-1AE79E8C412E
