IQNumber,DateOfBirth,BirthYear,Age,SessionID,SessionDate,SessionTime,SessionAttempt,SessionDuration,SessionCompletionPass,SessionPerformancePass,SessionIntegrityPass,TestId,Test,TestCode,TestVersion,TestSubset,TestPhase,Round,TestAttempt,TestCompletionPass,TestPerformancePass,TestIntegrityPass,TestDuration,PrimaryOutcome,AlternateOutcome,ReactionTime,RawReactionTime,RTVariability,RawRTVariability,Accuracy,RawAccuracy,TotalCorrect,TotalCorrectExclPant,TotalErrors,LegalErrors,RuleBreakErrors,TotalAnticipatory,TotalPost,TotalMaxOut,TotalCorrectFoils,TotalResponses,TotalTrials,StandardScoreZ,StandardScoreT,AltStandardScoreZ,AltStandardScoreT,ChangeScore,MovesPerSecond,ReturnToHead,PerseverativeErrors,WithinSearchErrors,GMLTIndex,SATScore,PsyAttStdScr,PsyAttChange,LearnWMStdScr,LearnWMChange,AltLearnWMStdScr,TestIdentifier,,,,,,,,,,,,,,,,,,,,,,,,,
83030263935,1/01/1978,1978,41,20504,17/06/2019,05:09:41:000,1,281432,Yes,Yes,NULL,26,CPAL,CPALAdultReal,Adult,NULL,Real,1,1,NULL,NULL,NULL,25539,3,NULL,3.138190066,1474.4,0.175645631,661.3276797,0.955316618,0.666666667,6,5,3,1,2,1,1,0,NULL,9,6,NULL,NULL,NULL,NULL,NULL,NULL,NULL,NULL,NULL,NULL,NULL,NULL,NULL,NULL,NULL,NULL,FE2CA034-8A2A-44E6-8D40-A327BD1AB993,,,,,,,,,,,,,,,,,,,,,,,,,
83030263935,1/01/1978,1978,41,20504,17/06/2019,05:09:41:000,1,281432,Yes,Yes,NULL,26,CPAL,CPALAdultReal,Adult,NULL,Real,2,1,NULL,NULL,NULL,28174,18,NULL,3.31708776,2368.666667,0.247360264,1307.682173,0.523598776,0.25,6,6,18,15,3,2,0,0,NULL,24,6,NULL,NULL,NULL,NULL,NULL,NULL,NULL,NULL,NULL,NULL,NULL,NULL,NULL,NULL,NULL,NULL,FE2CA034-8A2A-44E6-8D40-A327BD1AB993,,,,,,,,,,,,,,,,,,,,,,,,,
83030263935,1/01/1978,1978,41,20504,17/06/2019,05:09:41:000,1,281432,Yes,Yes,NULL,26,CPAL,CPALAdultReal,Adult,NULL,Real,3,1,NULL,NULL,NULL,24157,12,NULL,3.157863354,1529,0.18250395,521.1731958,0.615479709,0.333333333,6,5,12,4,8,3,1,0,NULL,18,6,NULL,NULL,NULL,NULL,NULL,NULL,NULL,NULL,NULL,NULL,NULL,NULL,NULL,NULL,NULL,NULL,FE2CA034-8A2A-44E6-8D40-A327BD1AB993,,,,,,,,,,,,,,,,,,,,,,,,,
83030263935,1/01/1978,1978,41,20504,17/06/2019,05:09:41:000,1,281432,Yes,Yes,NULL,26,CPAL,CPALAdultReal,Adult,NULL,Real,4,1,NULL,NULL,NULL,29257,16,NULL,3.274704551,2108,0.2329324,1037.107323,0.549467245,0.272727273,6,6,16,10,6,1,1,0,NULL,22,6,NULL,NULL,NULL,NULL,NULL,NULL,NULL,NULL,NULL,NULL,NULL,NULL,NULL,NULL,NULL,NULL,FE2CA034-8A2A-44E6-8D40-A327BD1AB993,,,,,,,,,,,,,,,,,,,,,,,,,
83030263935,1/01/1978,1978,41,20504,17/06/2019,05:09:41:000,1,281432,Yes,Yes,NULL,26,CPAL,CPALAdultReal,Adult,NULL,Real,5,1,NULL,NULL,NULL,23414,6,NULL,3.072311221,1252.166667,0.157716193,499.1718809,0.785398163,0.5,6,6,6,5,1,0,1,0,NULL,12,6,NULL,NULL,NULL,NULL,NULL,NULL,NULL,NULL,NULL,NULL,NULL,NULL,NULL,NULL,NULL,NULL,FE2CA034-8A2A-44E6-8D40-A327BD1AB993,,,,,,,,,,,,,,,,,,,,,,,,,
83030263935,1/01/1978,1978,41,20504,17/06/2019,05:09:41:000,1,281432,Yes,Yes,NULL,26,CPAL,CPALAdultReal,Adult,NULL,Real,6,1,NULL,NULL,NULL,24424,10,NULL,3.103946529,1397,0.215133271,632.4798811,0.659058036,0.375,6,6,10,6,4,2,0,0,NULL,16,6,NULL,NULL,NULL,NULL,NULL,NULL,NULL,NULL,NULL,NULL,NULL,NULL,NULL,NULL,NULL,NULL,FE2CA034-8A2A-44E6-8D40-A327BD1AB993,,,,,,,,,,,,,,,,,,,,,,,,,
83030263935,1/01/1978,1978,41,20504,17/06/2019,05:09:41:000,1,281432,Yes,Yes,NULL,26,CPAL,CPALAdultReal,Adult,NULL,Real,7,1,NULL,NULL,NULL,28470,13,NULL,3.214919029,1973.166667,0.320832865,1055.76009,0.596743147,0.315789474,6,6,13,9,4,0,1,0,NULL,19,6,NULL,NULL,NULL,NULL,NULL,NULL,NULL,NULL,NULL,NULL,NULL,NULL,NULL,NULL,NULL,NULL,FE2CA034-8A2A-44E6-8D40-A327BD1AB993,,,,,,,,,,,,,,,,,,,,,,,,,
83030263935,1/01/1978,1978,41,20504,17/06/2019,05:09:41:000,1,281432,Yes,Yes,NULL,26,CPAL,CPALAdultReal,Adult,NULL,Real,Total,1,Yes,Yes,NULL,183435,78,NULL,3.184452041,1740.275,0.226052147,903.0200608,0.633051836,0.35,42,40,78,50,28,9,5,0,NULL,120,42,NULL,NULL,NULL,NULL,NULL,NULL,NULL,NULL,NULL,NULL,NULL,NULL,NULL,NULL,NULL,NULL,FE2CA034-8A2A-44E6-8D40-A327BD1AB993,,,,,,,,,,,,,,,,,,,,,,,,,
83030263935,1/01/1978,1978,41,20504,17/06/2019,05:09:41:000,1,281432,Yes,Yes,NULL,27,CPALDelayed,CPALAdultDelayed,Adult,NULL,Real,1,1,NULL,NULL,NULL,29741,21,NULL,3.263911045,2221,0.312322145,1324.904978,0.490882678,0.222222222,6,6,21,16,5,1,0,0,NULL,27,6,NULL,NULL,NULL,NULL,NULL,NULL,NULL,NULL,NULL,NULL,NULL,NULL,NULL,NULL,NULL,NULL,FE2CA034-8A2A-44E6-8D40-A327BD1AB993,,,,,,,,,,,,,,,,,,,,,,,,,
83030263935,1/01/1978,1978,41,20504,17/06/2019,05:09:41:000,1,281432,Yes,Yes,NULL,27,CPALDelayed,CPALAdultDelayed,Adult,NULL,Real,Total,1,Yes,NULL,NULL,29741,21,NULL,3.263911045,2221,0.312322145,1324.904978,0.490882678,0.222222222,6,6,21,16,5,1,0,0,NULL,27,6,NULL,NULL,NULL,NULL,NULL,NULL,NULL,NULL,NULL,NULL,NULL,NULL,NULL,NULL,NULL,NULL,FE2CA034-8A2A-44E6-8D40-A327BD1AB993,,,,,,,,,,,,,,,,,,,,,,,,,
