Id,PersonID,AssesseeID,AssessmentSessionID,AssessmentSessionAttemptID,DateOfBirth,BirthYear,Age,Sex,LanguageCode,SessionID,SessionDate,SessionTime,SessionAttempt,SessionDuration,SessionCompletionPass,SessionPerformancePass,SessionIntegrityPass,TestId,Test,TestCode,TestVersion,TestPhase,Round,TestAttempt,TestCompletionPass,TestPerformancePass,TestIntegrityPass,TestDuration,PrimaryOutcome,ReactionTime,RawReactionTime,RTVariability,RawRTVariability,Accuracy,RawAccuracy,TotalCorrect,TotalCorrectExclPant,TotalErrors,LegalErrors,RuleBreakErrors,TotalAnticipatory,TotalPost,TotalMaxOut,TotalCorrectFoils,TotalResponses,TotalTrials,StandardScoreZ,StandardScoreT,ChangeScore,PsyAttStdScr,PsyAttChange,LearnWMStdScr,LearnWMChange,Issue,Comment,TestUpdateDate,WorkflowInstanceId,CreateDate,UpdatedBy,IsTest,StudyProtocolName,SponsorName,StudyCodeName,StudyId,LocalityName,VisitSessionName,VisitSessionId,VisitName,VisitId,SiteCode,SiteId,ParticipantUniqueId,ParticipantId,SubjectId,RandomizationID,QualificationStatusId,QualificationStatusName,QualificationStatus,PRInstanceQualificationStatusId,PRInstanceQualificationStatusName,PRInstanceQualificationStatus,IQNumber,AssessmentTestId,ExtractRowId,UpdateDate,AltLearnWMStdScr,AltStandardScoreZ,AltStandardScoreT,NormativeAge,AlternateOutcome,TestIdentifier,MovesPerSecond,ReturnToHead,PerseverativeErrors,WithinSearchErrors,GMLTIndex
1065323,12218,20814,12873,15601,1/01/1975,1975,43,Male,en_US,12396,4/10/2018,00:28:13:000,1,932478,Yes,No,Yes,3,OneCardLearning,OneCardLearning,Adult,Real,Total,1,Yes,Yes,NULL,169377,0.893378413,2.649045472,476.16,0.153116383,195.2593628,0.893378413,0.607142857,51,50,34,30,4,3,1,NULL,NULL,114,80,-0.679310657,93.20689343,NULL,98.8314227,NULL,81.60103059,NULL,NULL,NULL,43:46.9,15753,24:48.9,ProxyUser_e8a0b72da1884e8a9787ebdadb0f2789,0,PRO123,DarrenSponsor,TestProcessor,138,USA - English,Session 1,384,Session One,317,NULL,NULL,ed01a252-8b60-4c64-8bc8-50dc76a257c2,11485,NULL,NULL,12,Tier 1,Tier 1,12,Tier 1,Tier 1,29566364745,36232,122182081412873156011239636232336232AdultReal1,46:00.1,98.24720032,NULL,NULL,43,NULL,63B04CED-43BB-4B42-ABC0-5FC67DE06D40,NULL,NULL,NULL,NULL,NULL
1065324,12218,20814,12873,15601,1/01/1975,1975,43,Male,en_US,12396,4/10/2018,00:28:13:000,1,932478,Yes,No,Yes,1,Detection,Detection,Adult,Real,Total,1,Yes,Yes,Yes,75963,2.485545322,2.485545322,308.7714286,0.059099705,45.47532344,1.112605945,0.804347826,37,35,9,NULL,9,5,2,2,NULL,46,39,-0.136788756,98.63211244,NULL,98.8314227,NULL,81.60103059,NULL,NULL,NULL,43:46.9,15753,24:48.9,ProxyUser_e8a0b72da1884e8a9787ebdadb0f2789,0,PRO123,DarrenSponsor,TestProcessor,138,USA - English,Session 1,384,Session One,317,NULL,NULL,ed01a252-8b60-4c64-8bc8-50dc76a257c2,11485,NULL,NULL,12,Tier 1,Tier 1,12,Tier 1,Tier 1,29566364745,36230,122182081412873156011239636230136230AdultReal1,46:00.1,98.24720032,NULL,NULL,43,NULL,63B04CED-43BB-4B42-ABC0-5FC67DE06D40,NULL,NULL,NULL,NULL,NULL
1065325,12218,20814,12873,15601,1/01/1975,1975,43,Male,en_US,12396,4/10/2018,00:28:13:000,1,932478,Yes,No,Yes,2,Identification,Identification,Adult,Real,Total,1,Yes,No,NULL,78425,2.664486888,2.664486888,480.9333333,0.115460124,173.2428898,1.040509799,0.744186047,32,30,11,6,5,3,1,1,NULL,43,39,-0.07823154,99.2176846,NULL,98.8314227,NULL,81.60103059,NULL,NULL,NULL,43:46.9,15753,24:48.9,ProxyUser_e8a0b72da1884e8a9787ebdadb0f2789,0,PRO123,DarrenSponsor,TestProcessor,138,USA - English,Session 1,384,Session One,317,NULL,NULL,ed01a252-8b60-4c64-8bc8-50dc76a257c2,11485,NULL,NULL,12,Tier 1,Tier 1,12,Tier 1,Tier 1,29566364745,36231,122182081412873156011239636231236231AdultReal1,46:00.1,98.24720032,NULL,NULL,43,NULL,63B04CED-43BB-4B42-ABC0-5FC67DE06D40,NULL,NULL,NULL,NULL,NULL
1065326,12218,20814,12873,15601,1/01/1975,1975,43,Male,en_US,12396,4/10/2018,00:28:13:000,1,932478,Yes,No,Yes,4,OneBack,OneBack,Adult,Real,Total,1,Yes,Yes,NULL,85556,1.107148718,2.830049197,720.1612903,0.150840533,286.9990821,1.107148718,0.8,32,31,8,6,2,1,1,0,NULL,40,38,-2.1104294,78.895706,NULL,98.8314227,NULL,81.60103059,NULL,NULL,NULL,43:46.9,15753,24:48.9,ProxyUser_e8a0b72da1884e8a9787ebdadb0f2789,0,PRO123,DarrenSponsor,TestProcessor,138,USA - English,Session 1,384,Session One,317,NULL,NULL,ed01a252-8b60-4c64-8bc8-50dc76a257c2,11485,NULL,NULL,12,Tier 1,Tier 1,12,Tier 1,Tier 1,29566364745,36233,122182081412873156011239636233436233AdultReal1,46:00.1,98.24720032,0.33026514,103.3026514,43,2.830049197,63B04CED-43BB-4B42-ABC0-5FC67DE06D40,NULL,NULL,NULL,NULL,NULL
