Id,PersonID,AssesseeID,AssessmentSessionID,AssessmentSessionAttemptID,DateOfBirth,BirthYear,Age,Sex,LanguageCode,SessionID,SessionDate,SessionTime,SessionAttempt,SessionDuration,SessionCompletionPass,SessionPerformancePass,SessionIntegrityPass,TestId,Test,TestCode,TestVersion,TestPhase,Round,TestAttempt,TestCompletionPass,TestPerformancePass,TestIntegrityPass,TestDuration,PrimaryOutcome,ReactionTime,RawReactionTime,RTVariability,RawRTVariability,Accuracy,RawAccuracy,TotalCorrect,TotalCorrectExclPant,TotalErrors,LegalErrors,RuleBreakErrors,TotalAnticipatory,TotalPost,TotalMaxOut,TotalCorrectFoils,TotalResponses,TotalTrials,StandardScoreZ,StandardScoreT,ChangeScore,PsyAttStdScr,PsyAttChange,LearnWMStdScr,LearnWMChange,Issue,Comment,TestUpdateDate,WorkflowInstanceId,CreateDate,UpdatedBy,IsTest,StudyProtocolName,SponsorName,StudyCodeName,StudyId,LocalityName,VisitSessionName,VisitSessionId,VisitName,VisitId,SiteCode,SiteId,ParticipantUniqueId,ParticipantId,SubjectId,RandomizationID,QualificationStatusId,QualificationStatusName,QualificationStatus,PRInstanceQualificationStatusId,PRInstanceQualificationStatusName,PRInstanceQualificationStatus,IQNumber,AssessmentTestId,ExtractRowId,UpdateDate,AltLearnWMStdScr,AltStandardScoreZ,AltStandardScoreT,NormativeAge,AlternateOutcome,TestIdentifier,MovesPerSecond,ReturnToHead,PerseverativeErrors,WithinSearchErrors,GMLTIndex
1067625,12357,20923,12993,16942,1/01/1978,1978,40,Male,en_US,13670,21/10/2018,23:55:35:000,3,765930,Yes,Yes,Yes,2,Identification,Identification,Adult,Real,Total,1,Yes,Yes,NULL,67616,2.732144986,2.732144986,553.5666667,0.09645296,136.8496994,1.264518958,0.909090909,30,30,3,3,0,0,0,0,NULL,33,33,-1.079387188,89.20612812,-2.060205135,86.013195,-1.610189164,79.27950236,-4.781460489,NULL,NULL,55:37.8,17094,55:27.4,ProxyUser_e1100dfc69b84bb4b524b103e97be29c,0,Ranorex Protocol702296,Cogstate,Ranorex Project Name702296,78394,USA - English,Session 1,1406,Visit 1,1284,NULL,NULL,827c9dc3-c111-43bf-aef1-2c41f997ac95,11594,NULL,NULL,12,Tier 1,Tier 1,12,Tier 1,Tier 1,702296,38163,123572092312993169421367038163238163AdultReal1,56:30.1,89.97732347,NULL,NULL,40,NULL,2B92CFA0-700D-4C75-A143-F5F21117536C,NULL,NULL,NULL,NULL,NULL
1067626,12357,20923,12993,16942,1/01/1978,1978,40,Male,en_US,13670,21/10/2018,23:55:35:000,3,765930,Yes,Yes,Yes,1,Detection,Detection,Adult,Real,Total,1,Yes,Yes,Yes,72968,2.603711117,2.603711117,421.2,0.131233508,144.2432178,1.342359325,0.948717949,37,35,2,NULL,2,2,0,0,NULL,39,37,-1.426245272,85.73754728,-0.8172029,86.013195,-1.610189164,79.27950236,-4.781460489,NULL,NULL,55:37.8,17094,55:27.4,ProxyUser_e1100dfc69b84bb4b524b103e97be29c,0,Ranorex Protocol702296,Cogstate,Ranorex Project Name702296,78394,USA - English,Session 1,1406,Visit 1,1284,NULL,NULL,827c9dc3-c111-43bf-aef1-2c41f997ac95,11594,NULL,NULL,12,Tier 1,Tier 1,12,Tier 1,Tier 1,702296,38162,123572092312993169421367038162138162AdultReal1,56:30.1,89.97732347,NULL,NULL,40,NULL,2B92CFA0-700D-4C75-A143-F5F21117536C,NULL,NULL,NULL,NULL,NULL
1067627,12357,20923,12993,16942,1/01/1978,1978,40,Male,en_US,13670,21/10/2018,23:55:35:000,3,765930,Yes,Yes,Yes,4,OneBack,OneBack,Adult,Real,Total,1,Yes,Yes,NULL,90068,1.156338594,2.915025653,910.0645161,0.194964049,446.7798813,1.156338594,0.837837838,31,31,6,6,0,0,0,0,NULL,37,37,-1.727658591,82.72341409,-5.728549537,86.013195,-1.610189164,79.27950236,-4.781460489,NULL,NULL,55:37.8,17094,55:27.4,ProxyUser_e1100dfc69b84bb4b524b103e97be29c,0,Ranorex Protocol702296,Cogstate,Ranorex Project Name702296,78394,USA - English,Session 1,1406,Visit 1,1284,NULL,NULL,827c9dc3-c111-43bf-aef1-2c41f997ac95,11594,NULL,NULL,12,Tier 1,Tier 1,12,Tier 1,Tier 1,702296,38165,123572092312993169421367038165438165AdultReal1,56:30.1,89.97732347,-0.581792994,94.18207006,40,2.915025653,2B92CFA0-700D-4C75-A143-F5F21117536C,NULL,NULL,NULL,NULL,NULL
1067628,12357,20923,12993,16942,1/01/1978,1978,40,Male,en_US,13670,21/10/2018,23:55:35:000,3,765930,Yes,Yes,Yes,3,OneCardLearning,OneCardLearning,Adult,Real,Total,1,Yes,Yes,NULL,171515,0.809798091,2.537474919,360.9534884,0.127104375,124.3300051,0.809798091,0.524390244,43,43,39,37,2,1,1,NULL,NULL,119,80,-1.41408272,85.8591728,-3.793059622,86.013195,-1.610189164,79.27950236,-4.781460489,NULL,NULL,55:37.8,17094,55:27.4,ProxyUser_e1100dfc69b84bb4b524b103e97be29c,0,Ranorex Protocol702296,Cogstate,Ranorex Project Name702296,78394,USA - English,Session 1,1406,Visit 1,1284,NULL,NULL,827c9dc3-c111-43bf-aef1-2c41f997ac95,11594,NULL,NULL,12,Tier 1,Tier 1,12,Tier 1,Tier 1,702296,38164,123572092312993169421367038164338164AdultReal1,56:30.1,89.97732347,NULL,NULL,40,NULL,2B92CFA0-700D-4C75-A143-F5F21117536C,NULL,NULL,NULL,NULL,NULL
