Id,PersonID,AssesseeID,AssessmentSessionID,AssessmentSessionAttemptID,DateOfBirth,BirthYear,Age,Sex,LanguageCode,SessionID,SessionDate,SessionTime,SessionAttempt,SessionDuration,SessionCompletionPass,SessionPerformancePass,SessionIntegrityPass,TestId,Test,TestCode,TestVersion,TestPhase,Round,TestAttempt,TestCompletionPass,TestPerformancePass,TestIntegrityPass,TestDuration,PrimaryOutcome,ReactionTime,RawReactionTime,RTVariability,RawRTVariability,Accuracy,RawAccuracy,TotalCorrect,TotalCorrectExclPant,TotalErrors,LegalErrors,RuleBreakErrors,TotalAnticipatory,TotalPost,TotalMaxOut,TotalCorrectFoils,TotalResponses,TotalTrials,StandardScoreZ,StandardScoreT,ChangeScore,PsyAttStdScr,PsyAttChange,LearnWMStdScr,LearnWMChange,Issue,Comment,TestUpdateDate,WorkflowInstanceId,CreateDate,UpdatedBy,IsTest,StudyProtocolName,SponsorName,StudyCodeName,StudyId,LocalityName,VisitSessionName,VisitSessionId,VisitName,VisitId,SiteCode,SiteId,ParticipantUniqueId,ParticipantId,SubjectId,RandomizationID,QualificationStatusId,QualificationStatusName,QualificationStatus,PRInstanceQualificationStatusId,PRInstanceQualificationStatusName,PRInstanceQualificationStatus,IQNumber,AssessmentTestId,ExtractRowId,UpdateDate,AltLearnWMStdScr,AltStandardScoreZ,AltStandardScoreT,NormativeAge,AlternateOutcome,TestIdentifier,MovesPerSecond,ReturnToHead,PerseverativeErrors,WithinSearchErrors,GMLTIndex
1067126,12308,20882,12941,16861,1/01/1975,1975,43,Male,en_US,13594,16/10/2018,22:25:31:000,2,446453,Yes,Yes,Yes,4,OneBack,OneBack,Adult,Real,Total,1,Yes,Yes,NULL,74162,1.127192193,2.631574757,439.8709677,0.100379305,109.8589222,1.127192193,0.815789474,31,31,7,7,0,0,0,0,NULL,38,38,-1.954461186,80.45538814,1.231761205,100.9279358,1.052085747,82.49887898,1.121659376,NULL,NULL,33:00.0,17013,25:09.8,ProxyUser_81f2c6db706e4b2094dae6e5fedf7ca9,0,PRO123,DarrenSponsor,TestProcessor,138,USA - English,Session 1,384,Session One,317,NULL,NULL,74f9cff7-f7e5-47d4-8b2f-cf9c551615a7,11553,NULL,NULL,12,Tier 1,Tier 1,12,Tier 1,Tier 1,35902316398,37771,123082088212941168611359437771437771AdultReal1,36:00.3,108.8450211,2.460504911,124.6050491,43,2.631574757,B261168D-C1C3-4AAD-A819-E8D25548DB70,NULL,NULL,NULL,NULL,NULL
1067127,12308,20882,12941,16861,1/01/1975,1975,43,Male,en_US,13594,16/10/2018,22:25:31:000,2,446453,Yes,Yes,Yes,2,Identification,Identification,Adult,Real,Total,1,Yes,Yes,NULL,59548,2.64762243,2.64762243,454.8333333,0.090834304,113.9676552,1.570796327,1,30,30,0,0,0,0,0,0,NULL,30,30,0.171316508,101.7131651,1.963731563,100.9279358,1.052085747,82.49887898,1.121659376,NULL,NULL,33:00.0,17013,25:09.8,ProxyUser_81f2c6db706e4b2094dae6e5fedf7ca9,0,PRO123,DarrenSponsor,TestProcessor,138,USA - English,Session 1,384,Session One,317,NULL,NULL,74f9cff7-f7e5-47d4-8b2f-cf9c551615a7,11553,NULL,NULL,12,Tier 1,Tier 1,12,Tier 1,Tier 1,35902316398,37769,123082088212941168611359437769237769AdultReal1,36:00.3,108.8450211,NULL,NULL,43,NULL,B261168D-C1C3-4AAD-A819-E8D25548DB70,NULL,NULL,NULL,NULL,NULL
1067128,12308,20882,12941,16861,1/01/1975,1975,43,Male,en_US,13594,16/10/2018,22:25:31:000,2,446453,Yes,Yes,Yes,3,OneCardLearning,OneCardLearning,Adult,Real,Total,1,Yes,Yes,NULL,160378,0.891122508,2.591078561,404.2244898,0.11648798,111.710986,0.891122508,0.604938272,49,49,32,31,1,0,1,NULL,NULL,112,80,-0.699142788,93.00857212,1.001866411,100.9279358,1.052085747,82.49887898,1.121659376,NULL,NULL,33:00.0,17013,25:09.8,ProxyUser_81f2c6db706e4b2094dae6e5fedf7ca9,0,PRO123,DarrenSponsor,TestProcessor,138,USA - English,Session 1,384,Session One,317,NULL,NULL,74f9cff7-f7e5-47d4-8b2f-cf9c551615a7,11553,NULL,NULL,12,Tier 1,Tier 1,12,Tier 1,Tier 1,35902316398,37770,123082088212941168611359437770337770AdultReal1,36:00.3,108.8450211,NULL,NULL,43,NULL,B261168D-C1C3-4AAD-A819-E8D25548DB70,NULL,NULL,NULL,NULL,NULL
1067129,12308,20882,12941,16861,1/01/1975,1975,43,Male,en_US,13594,16/10/2018,22:25:31:000,2,446453,Yes,Yes,Yes,1,Detection,Detection,Adult,Real,Total,1,Yes,Yes,Yes,70837,2.474081341,2.474081341,309.9142857,0.125538235,91.16028916,1.226961501,0.886363636,39,35,5,NULL,5,5,0,0,NULL,44,39,-0.011690756,99.88309244,-0.083654333,100.9279358,1.052085747,82.49887898,1.121659376,NULL,NULL,33:00.0,17013,25:09.8,ProxyUser_81f2c6db706e4b2094dae6e5fedf7ca9,0,PRO123,DarrenSponsor,TestProcessor,138,USA - English,Session 1,384,Session One,317,NULL,NULL,74f9cff7-f7e5-47d4-8b2f-cf9c551615a7,11553,NULL,NULL,12,Tier 1,Tier 1,12,Tier 1,Tier 1,35902316398,37768,123082088212941168611359437768137768AdultReal1,36:00.3,108.8450211,NULL,NULL,43,NULL,B261168D-C1C3-4AAD-A819-E8D25548DB70,NULL,NULL,NULL,NULL,NULL
