IQNumber,DateOfBirth,BirthYear,Age,SessionID,SessionDate,SessionTime,SessionAttempt,SessionDuration,SessionCompletionPass,SessionPerformancePass,SessionIntegrityPass,TestId,Test,TestCode,TestVersion,TestSubset,TestPhase,Round,TestAttempt,TestCompletionPass,TestPerformancePass,TestIntegrityPass,TestDuration,PrimaryOutcome,AlternateOutcome,ReactionTime,RawReactionTime,RTVariability,RawRTVariability,Accuracy,RawAccuracy,TotalCorrect,TotalCorrectExclPant,TotalErrors,LegalErrors,RuleBreakErrors,TotalAnticipatory,TotalPost,TotalMaxOut,TotalCorrectFoils,TotalResponses,TotalTrials,StandardScoreZ,StandardScoreT,AltStandardScoreZ,AltStandardScoreT,ChangeScore,MovesPerSecond,ReturnToHead,PerseverativeErrors,WithinSearchErrors,GMLTIndex,SATScore,PsyAttStdScr,PsyAttChange,LearnWMStdScr,LearnWMChange,AltLearnWMStdScr,TestIdentifier
84443387670,1/01/1978,1978,41,20450,6/06/2019,05:45:51:000,1,147584,Yes,Yes,NULL,29,FingerTapping,FTRightReal,Adult,NULL,Real,Total,1,Yes,Yes,NULL,30012,107,NULL,2.412575273,275.8785047,0.141905969,126.2341871,1.32039033,0.938596491,107,NULL,7,7,NULL,8,11,NULL,NULL,114,NULL,NULL,NULL,NULL,NULL,NULL,NULL,NULL,NULL,NULL,NULL,NULL,NULL,NULL,NULL,NULL,NULL,EE2BA22F-1006-431D-A158-49DB3372735A
84443387670,1/01/1978,1978,41,20450,6/06/2019,05:45:51:000,1,147584,Yes,Yes,NULL,29,FingerTapping,FTReal,Adult,NULL,Real,Total,1,Yes,Yes,NULL,60026,223,NULL,2.39621774,263.3183857,0.134881369,107.640342,1.395443388,0.969565217,223,NULL,7,7,NULL,16,23,NULL,NULL,230,NULL,NULL,NULL,NULL,NULL,NULL,NULL,NULL,NULL,NULL,NULL,NULL,NULL,NULL,NULL,NULL,NULL,EE2BA22F-1006-431D-A158-49DB3372735A
84443387670,1/01/1978,1978,41,20450,6/06/2019,05:45:51:000,1,147584,Yes,Yes,NULL,29,FingerTapping,FTRightReal,Adult,NULL,Real,1,1,NULL,NULL,NULL,10006,33,NULL,2.435697184,297.2727273,0.169827256,146.3485294,1.235765826,0.891891892,33,NULL,4,4,NULL,3,2,NULL,NULL,37,NULL,NULL,NULL,NULL,NULL,NULL,NULL,NULL,NULL,NULL,NULL,NULL,NULL,NULL,NULL,NULL,NULL,EE2BA22F-1006-431D-A158-49DB3372735A
84443387670,1/01/1978,1978,41,20450,6/06/2019,05:45:51:000,1,147584,Yes,Yes,NULL,29,FingerTapping,FTLeftReal,Adult,NULL,Real,Total,1,Yes,Yes,NULL,30014,116,NULL,2.381129326,251.7327586,0.126808644,86.00418167,1.570796327,1,116,NULL,0,0,NULL,8,12,NULL,NULL,116,NULL,NULL,NULL,NULL,NULL,NULL,NULL,NULL,NULL,NULL,NULL,NULL,NULL,NULL,NULL,NULL,NULL,EE2BA22F-1006-431D-A158-49DB3372735A
84443387670,1/01/1978,1978,41,20450,6/06/2019,05:45:51:000,1,147584,Yes,Yes,NULL,29,FingerTapping,FTLeftReal,Adult,NULL,Real,1,1,NULL,NULL,NULL,10004,39,NULL,2.383098016,251.2820513,0.117557713,79.76410904,1.570796327,1,39,NULL,0,0,NULL,4,3,NULL,NULL,39,NULL,NULL,NULL,NULL,NULL,NULL,NULL,NULL,NULL,NULL,NULL,NULL,NULL,NULL,NULL,NULL,NULL,EE2BA22F-1006-431D-A158-49DB3372735A
84443387670,1/01/1978,1978,41,20450,6/06/2019,05:45:51:000,1,147584,Yes,Yes,NULL,29,FingerTapping,FTRightReal,Adult,NULL,Real,2,1,NULL,NULL,NULL,10003,40,NULL,2.379922657,246.675,0.102155124,64.06942849,1.413980641,0.975609756,40,NULL,1,1,NULL,3,5,NULL,NULL,41,NULL,NULL,NULL,NULL,NULL,NULL,NULL,NULL,NULL,NULL,NULL,NULL,NULL,NULL,NULL,NULL,NULL,EE2BA22F-1006-431D-A158-49DB3372735A
84443387670,1/01/1978,1978,41,20450,6/06/2019,05:45:51:000,1,147584,Yes,Yes,NULL,29,FingerTapping,FTLeftReal,Adult,NULL,Real,2,1,NULL,NULL,NULL,10006,41,NULL,2.36179955,240.4146341,0.119558251,91.1624856,1.570796327,1,41,NULL,0,0,NULL,1,7,NULL,NULL,41,NULL,NULL,NULL,NULL,NULL,NULL,NULL,NULL,NULL,NULL,NULL,NULL,NULL,NULL,NULL,NULL,NULL,EE2BA22F-1006-431D-A158-49DB3372735A
84443387670,1/01/1978,1978,41,20450,6/06/2019,05:45:51:000,1,147584,Yes,Yes,NULL,29,FingerTapping,FTRightReal,Adult,NULL,Real,3,1,NULL,NULL,NULL,10003,34,NULL,2.428548263,289.4705882,0.149309188,154.5427734,1.332855202,0.944444444,34,NULL,2,2,NULL,2,4,NULL,NULL,36,NULL,NULL,NULL,NULL,NULL,NULL,NULL,NULL,NULL,NULL,NULL,NULL,NULL,NULL,NULL,NULL,NULL,EE2BA22F-1006-431D-A158-49DB3372735A
84443387670,1/01/1978,1978,41,20450,6/06/2019,05:45:51:000,1,147584,Yes,Yes,NULL,29,FingerTapping,FTLeftReal,Adult,NULL,Real,3,1,NULL,NULL,NULL,10004,36,NULL,2.401011045,265.1111111,0.143689058,86.9692155,1.570796327,1,36,NULL,0,0,NULL,3,2,NULL,NULL,36,NULL,NULL,NULL,NULL,NULL,NULL,NULL,NULL,NULL,NULL,NULL,NULL,NULL,NULL,NULL,NULL,NULL,EE2BA22F-1006-431D-A158-49DB3372735A
