IQNumber,DateOfBirth,BirthYear,Age,SessionID,SessionDate,SessionTime,SessionAttempt,SessionDuration,SessionCompletionPass,SessionPerformancePass,SessionIntegrityPass,TestId,Test,TestCode,TestVersion,TestSubset,TestPhase,Round,TestAttempt,TestCompletionPass,TestPerformancePass,TestIntegrityPass,TestDuration,PrimaryOutcome,AlternateOutcome,ReactionTime,RawReactionTime,RTVariability,RawRTVariability,Accuracy,RawAccuracy,TotalCorrect,TotalCorrectExclPant,TotalErrors,LegalErrors,RuleBreakErrors,TotalAnticipatory,TotalPost,TotalMaxOut,TotalCorrectFoils,TotalResponses,TotalTrials,StandardScoreZ,StandardScoreT,AltStandardScoreZ,AltStandardScoreT,ChangeScore,MovesPerSecond,ReturnToHead,PerseverativeErrors,WithinSearchErrors,GMLTIndex,SATScore,PsyAttStdScr,PsyAttChange,LearnWMStdScr,LearnWMChange,AltLearnWMStdScr,TestIdentifier,,,,,,,,,,,,,,,,,,,,,,,,,
8407940507,1/01/1978,1978,41,20377,30/05/2019,04:42:43:000,1,332442,Yes,No,NULL,5,GMLTStandard,GMLTStandardReal,Adult,NULL,Real,Total,1,Yes,No,NULL,124275,140,NULL,NULL,NULL,NULL,NULL,NULL,NULL,140,NULL,140,44,80,NULL,NULL,NULL,NULL,NULL,NULL,-3.775200714,62.24799286,NULL,NULL,NULL,1.126533897,76,8,8,2,NULL,NULL,NULL,NULL,NULL,NULL,88476465-3B1C-4B2F-A0A1-B4AC9AC50AE8,,,,,,,,,,,,,,,,,,,,,,,,,
8407940507,1/01/1978,1978,41,20377,30/05/2019,04:42:43:000,1,332442,Yes,No,NULL,5,GMLTStandard,GMLTStandardReal,Adult,NULL,Real,1,1,NULL,NULL,NULL,30329,31,NULL,NULL,NULL,NULL,NULL,NULL,NULL,28,NULL,31,12,15,NULL,NULL,NULL,NULL,NULL,NULL,NULL,NULL,NULL,NULL,NULL,0.92320881,19,1,3,2,NULL,NULL,NULL,NULL,NULL,NULL,88476465-3B1C-4B2F-A0A1-B4AC9AC50AE8,,,,,,,,,,,,,,,,,,,,,,,,,
8407940507,1/01/1978,1978,41,20377,30/05/2019,04:42:43:000,1,332442,Yes,No,NULL,5,GMLTStandard,GMLTStandardReal,Adult,NULL,Real,2,1,NULL,NULL,NULL,30157,34,NULL,NULL,NULL,NULL,NULL,NULL,NULL,28,NULL,34,11,17,NULL,NULL,NULL,NULL,NULL,NULL,NULL,NULL,NULL,NULL,NULL,0.928474318,20,5,1,2,NULL,NULL,NULL,NULL,NULL,NULL,88476465-3B1C-4B2F-A0A1-B4AC9AC50AE8,,,,,,,,,,,,,,,,,,,,,,,,,
8407940507,1/01/1978,1978,41,20377,30/05/2019,04:42:43:000,1,332442,Yes,No,NULL,5,GMLTStandard,GMLTStandardReal,Adult,NULL,Real,3,1,NULL,NULL,NULL,23347,27,NULL,NULL,NULL,NULL,NULL,NULL,NULL,28,NULL,27,7,18,NULL,NULL,NULL,NULL,NULL,NULL,NULL,NULL,NULL,NULL,NULL,1.199297554,15,0,2,2,NULL,NULL,NULL,NULL,NULL,NULL,88476465-3B1C-4B2F-A0A1-B4AC9AC50AE8,,,,,,,,,,,,,,,,,,,,,,,,,
8407940507,1/01/1978,1978,41,20377,30/05/2019,04:42:43:000,1,332442,Yes,No,NULL,5,GMLTStandard,GMLTStandardReal,Adult,NULL,Real,4,1,NULL,NULL,NULL,22681,30,NULL,NULL,NULL,NULL,NULL,NULL,NULL,28,NULL,30,7,19,NULL,NULL,NULL,NULL,NULL,NULL,NULL,NULL,NULL,NULL,NULL,1.234513469,12,2,2,2,NULL,NULL,NULL,NULL,NULL,NULL,88476465-3B1C-4B2F-A0A1-B4AC9AC50AE8,,,,,,,,,,,,,,,,,,,,,,,,,
8407940507,1/01/1978,1978,41,20377,30/05/2019,04:42:43:000,1,332442,Yes,No,NULL,5,GMLTStandard,GMLTStandardReal,Adult,NULL,Real,5,1,NULL,NULL,NULL,17761,18,NULL,NULL,NULL,NULL,NULL,NULL,NULL,28,NULL,18,7,11,NULL,NULL,NULL,NULL,NULL,NULL,NULL,NULL,NULL,NULL,NULL,1.57648781,10,0,0,2,NULL,NULL,NULL,NULL,NULL,NULL,88476465-3B1C-4B2F-A0A1-B4AC9AC50AE8,,,,,,,,,,,,,,,,,,,,,,,,,
8407940507,1/01/1978,1978,41,20377,30/05/2019,04:42:43:000,1,332442,Yes,No,NULL,6,GMLTStandardDelayed,GMLTStandardDelayed,Adult,NULL,Delayed,1,1,Yes,NULL,NULL,23812,22,NULL,NULL,NULL,NULL,NULL,NULL,NULL,28,NULL,22,8,11,NULL,NULL,NULL,NULL,NULL,NULL,-3.576451191,64.23548809,NULL,NULL,NULL,1.175877709,14,2,1,2,NULL,NULL,NULL,NULL,NULL,NULL,88476465-3B1C-4B2F-A0A1-B4AC9AC50AE8,,,,,,,,,,,,,,,,,,,,,,,,,
8407940507,1/01/1978,1978,41,20377,30/05/2019,04:42:43:000,1,332442,Yes,No,NULL,7,GMLTStandardReverse,GMLTStandardReverse,Adult,NULL,Reverse,1,1,Yes,NULL,NULL,23814,26,NULL,NULL,NULL,NULL,NULL,NULL,NULL,28,NULL,26,7,16,NULL,NULL,NULL,NULL,NULL,NULL,NULL,NULL,NULL,NULL,NULL,1.175778954,17,2,1,2,NULL,NULL,NULL,NULL,NULL,NULL,88476465-3B1C-4B2F-A0A1-B4AC9AC50AE8,,,,,,,,,,,,,,,,,,,,,,,,,
