IQNumber,DateOfBirth,BirthYear,Age,SessionID,SessionDate,SessionTime,SessionAttempt,SessionDuration,SessionCompletionPass,SessionPerformancePass,SessionIntegrityPass,TestId,Test,TestCode,TestVersion,TestSubset,TestPhase,Round,TestAttempt,TestCompletionPass,TestPerformancePass,TestIntegrityPass,TestDuration,PrimaryOutcome,AlternateOutcome,ReactionTime,RawReactionTime,RTVariability,RawRTVariability,Accuracy,RawAccuracy,TotalCorrect,TotalCorrectExclPant,TotalErrors,LegalErrors,RuleBreakErrors,TotalAnticipatory,TotalPost,TotalMaxOut,TotalCorrectFoils,TotalResponses,TotalTrials,StandardScoreZ,StandardScoreT,AltStandardScoreZ,AltStandardScoreT,ChangeScore,MovesPerSecond,ReturnToHead,PerseverativeErrors,WithinSearchErrors,GMLTIndex,SATScore,PsyAttStdScr,PsyAttChange,LearnWMStdScr,LearnWMChange,AltLearnWMStdScr,TestIdentifier,,,,,,,,,,,,,,,,,,,,,,,,,
97480158800,1/01/1978,1978,41,20386,31/05/2019,00:42:19:000,1,348061,Yes,No,NULL,9,ISLTWords,ISLTWordsAdult,Adult,NULL,Real,1,1,NULL,NULL,NULL,NULL,NULL,NULL,NULL,NULL,NULL,NULL,NULL,NULL,NULL,NULL,NULL,NULL,NULL,NULL,NULL,NULL,NULL,NULL,NULL,NULL,NULL,NULL,NULL,NULL,NULL,NULL,NULL,NULL,NULL,NULL,NULL,NULL,NULL,NULL,NULL,63A0118B-A500-4AED-8F2E-E70F993D3CA8,,,,,,,,,,,,,,,,,,,,,,,,,
97480158800,1/01/1978,1978,41,20386,31/05/2019,00:42:19:000,1,348061,Yes,No,NULL,10,ISLTImmediate,ISLTImmediateAdult,Adult,NULL,Real,Total,1,Yes,NULL,NULL,108798,25,NULL,NULL,NULL,NULL,NULL,0.985110783,0.694444444,25,NULL,8,NULL,NULL,NULL,NULL,NULL,NULL,33,36,0.093319136,100.9331914,NULL,NULL,NULL,NULL,NULL,NULL,NULL,NULL,NULL,NULL,NULL,NULL,NULL,NULL,63A0118B-A500-4AED-8F2E-E70F993D3CA8,,,,,,,,,,,,,,,,,,,,,,,,,
97480158800,1/01/1978,1978,41,20386,31/05/2019,00:42:19:000,1,348061,Yes,No,NULL,10,ISLTImmediate,ISLTImmediateAdult,Adult,NULL,Real,1,1,NULL,NULL,NULL,36878,8,NULL,NULL,NULL,NULL,NULL,0.955316618,0.666666667,8,NULL,3,NULL,NULL,NULL,NULL,NULL,NULL,11,12,NULL,NULL,NULL,NULL,NULL,NULL,NULL,NULL,NULL,NULL,NULL,NULL,NULL,NULL,NULL,NULL,63A0118B-A500-4AED-8F2E-E70F993D3CA8,,,,,,,,,,,,,,,,,,,,,,,,,
97480158800,1/01/1978,1978,41,20386,31/05/2019,00:42:19:000,1,348061,Yes,No,NULL,9,ISLTWords,ISLTWordsAdult,Adult,NULL,Real,2,1,NULL,NULL,NULL,NULL,NULL,NULL,NULL,NULL,NULL,NULL,NULL,NULL,NULL,NULL,NULL,NULL,NULL,NULL,NULL,NULL,NULL,NULL,NULL,NULL,NULL,NULL,NULL,NULL,NULL,NULL,NULL,NULL,NULL,NULL,NULL,NULL,NULL,NULL,NULL,63A0118B-A500-4AED-8F2E-E70F993D3CA8,,,,,,,,,,,,,,,,,,,,,,,,,
97480158800,1/01/1978,1978,41,20386,31/05/2019,00:42:19:000,1,348061,Yes,No,NULL,10,ISLTImmediate,ISLTImmediateAdult,Adult,NULL,Real,2,1,NULL,NULL,NULL,37735,8,NULL,NULL,NULL,NULL,NULL,0.955316618,0.666666667,8,NULL,3,NULL,NULL,NULL,NULL,NULL,NULL,11,12,NULL,NULL,NULL,NULL,NULL,NULL,NULL,NULL,NULL,NULL,NULL,NULL,NULL,NULL,NULL,NULL,63A0118B-A500-4AED-8F2E-E70F993D3CA8,,,,,,,,,,,,,,,,,,,,,,,,,
97480158800,1/01/1978,1978,41,20386,31/05/2019,00:42:19:000,1,348061,Yes,No,NULL,9,ISLTWords,ISLTWordsAdult,Adult,NULL,Real,3,1,NULL,NULL,NULL,NULL,NULL,NULL,NULL,NULL,NULL,NULL,NULL,NULL,NULL,NULL,NULL,NULL,NULL,NULL,NULL,NULL,NULL,NULL,NULL,NULL,NULL,NULL,NULL,NULL,NULL,NULL,NULL,NULL,NULL,NULL,NULL,NULL,NULL,NULL,NULL,63A0118B-A500-4AED-8F2E-E70F993D3CA8,,,,,,,,,,,,,,,,,,,,,,,,,
97480158800,1/01/1978,1978,41,20386,31/05/2019,00:42:19:000,1,348061,Yes,No,NULL,10,ISLTImmediate,ISLTImmediateAdult,Adult,NULL,Real,3,1,NULL,NULL,NULL,34185,9,NULL,NULL,NULL,NULL,NULL,1.047197551,0.75,9,NULL,2,NULL,NULL,NULL,NULL,NULL,NULL,11,12,NULL,NULL,NULL,NULL,NULL,NULL,NULL,NULL,NULL,NULL,NULL,NULL,NULL,NULL,NULL,NULL,63A0118B-A500-4AED-8F2E-E70F993D3CA8,,,,,,,,,,,,,,,,,,,,,,,,,
97480158800,1/01/1978,1978,41,20386,31/05/2019,00:42:19:000,1,348061,Yes,No,NULL,11,ISLTDelayed,ISLTDelayedAdult,Adult,NULL,Real,1,1,Yes,NULL,NULL,9293,10,NULL,NULL,NULL,NULL,NULL,1.150261992,0.833333333,10,NULL,1,NULL,NULL,NULL,NULL,NULL,NULL,11,12,0.566508044,105.6650804,NULL,NULL,NULL,NULL,NULL,NULL,NULL,NULL,NULL,NULL,NULL,NULL,NULL,NULL,63A0118B-A500-4AED-8F2E-E70F993D3CA8,,,,,,,,,,,,,,,,,,,,,,,,,
97480158800,1/01/1978,1978,41,20386,31/05/2019,00:42:19:000,1,348061,Yes,No,NULL,12,ISLTRecognition,ISLTRecognitionAdult,Adult,NULL,Real,1,1,Yes,NULL,NULL,21381,9,NULL,NULL,NULL,NULL,NULL,0.955316618,0.666666667,9,NULL,8,NULL,NULL,NULL,NULL,NULL,7,24,24,NULL,NULL,NULL,NULL,NULL,NULL,NULL,NULL,NULL,NULL,NULL,NULL,NULL,NULL,NULL,NULL,63A0118B-A500-4AED-8F2E-E70F993D3CA8,,,,,,,,,,,,,,,,,,,,,,,,,
