Id,PersonID,AssesseeID,AssessmentSessionID,AssessmentSessionAttemptID,DateOfBirth,BirthYear,Age,Sex,LanguageCode,SessionID,SessionDate,SessionTime,SessionAttempt,SessionDuration,SessionCompletionPass,SessionPerformancePass,SessionIntegrityPass,TestId,Test,TestCode,TestVersion,TestPhase,Round,TestAttempt,TestCompletionPass,TestPerformancePass,TestIntegrityPass,TestDuration,PrimaryOutcome,ReactionTime,RawReactionTime,RTVariability,RawRTVariability,Accuracy,RawAccuracy,TotalCorrect,TotalCorrectExclPant,TotalErrors,LegalErrors,RuleBreakErrors,TotalAnticipatory,TotalPost,TotalMaxOut,TotalCorrectFoils,TotalResponses,TotalTrials,StandardScoreZ,StandardScoreT,ChangeScore,PsyAttStdScr,PsyAttChange,LearnWMStdScr,LearnWMChange,Issue,Comment,TestUpdateDate,WorkflowInstanceId,CreateDate,IsTest,StudyProtocolName,SponsorName,StudyCodeName,StudyId,LocalityName,VisitSessionName,VisitSessionId,VisitName,VisitId,SiteCode,SiteId,ParticipantUniqueId,ParticipantId,SubjectId,RandomizationID,QualificationStatusId,QualificationStatusName,QualificationStatus,PRInstanceQualificationStatusId,PRInstanceQualificationStatusName,PRInstanceQualificationStatus,IQNumber,AssessmentTestId,ExtractRowId,UpdateDate,AltLearnWMStdScr,AltStandardScoreZ,AltStandardScoreT,NormativeAge,AlternateOutcome,TestIdentifier,MovesPerSecond,ReturnToHead,PerseverativeErrors,WithinSearchErrors,GMLTIndex
1096791,13980,21975,14158,36274,12/08/1978,1978,40,Male,en_US,15720,15/04/2019,06:03:42:000,1,705448,Yes,No,Yes,3,OneCardLearning,OneCardLearning,Adult,Real,Total,1,Yes,Yes,NULL,170793,0.864677304,2.715504354,559.2765957,0.16713256,237.8526857,0.864677304,0.578947368,55,47,40,25,15,12,3,NULL,NULL,120,80,-0.931628099,90.68371901,NULL,102.0020416,NULL,74.94304768,NULL,NULL,NULL,03:50.6,36426,03:11.5,1,PRO123,DarrenSponsor,TestProcessor,138,USA - English,Session 1,384,Session One,317,NULL,NULL,450ef788-6e34-45ea-947b-5aa0dabb9eb5,12868,NULL,NULL,12,Tier 1,Tier 1,12,Tier 1,Tier 1,56854234365,48049,139802197514158362741572048049348049AdultReal1,04:00.6,102.8029671,NULL,NULL,40,NULL,2D72D7BA-FAB6-49FC-89F6-EA9463FFD00C,NULL,NULL,NULL,NULL,NULL
1096792,13980,21975,14158,36274,12/08/1978,1978,40,Male,en_US,15720,15/04/2019,06:03:42:000,1,705448,Yes,No,Yes,1,Detection,Detection,Adult,Real,Total,1,Yes,Yes,Yes,79265,2.503149901,2.503149901,327.8857143,0.108591791,79.71521791,1.163575431,0.843137255,43,35,8,NULL,8,8,0,0,NULL,51,43,-0.328894601,96.71105399,NULL,102.0020416,NULL,74.94304768,NULL,NULL,NULL,03:50.6,36426,03:11.5,1,PRO123,DarrenSponsor,TestProcessor,138,USA - English,Session 1,384,Session One,317,NULL,NULL,450ef788-6e34-45ea-947b-5aa0dabb9eb5,12868,NULL,NULL,12,Tier 1,Tier 1,12,Tier 1,Tier 1,56854234365,48047,139802197514158362741572048047148047AdultReal1,04:00.6,102.8029671,NULL,NULL,40,NULL,2D72D7BA-FAB6-49FC-89F6-EA9463FFD00C,NULL,NULL,NULL,NULL,NULL
1096793,13980,21975,14158,36274,12/08/1978,1978,40,Male,en_US,15720,15/04/2019,06:03:42:000,1,705448,Yes,No,Yes,4,OneBack,OneBack,Adult,Real,Total,1,Yes,Yes,NULL,84655,1.009841218,2.722015356,559.5806452,0.144050295,219.4052224,1.009841218,0.716981132,38,31,15,5,10,7,3,0,NULL,53,43,-2.867627284,71.32372716,NULL,102.0020416,NULL,74.94304768,NULL,NULL,NULL,03:50.6,36426,03:11.5,1,PRO123,DarrenSponsor,TestProcessor,138,USA - English,Session 1,384,Session One,317,NULL,NULL,450ef788-6e34-45ea-947b-5aa0dabb9eb5,12868,NULL,NULL,12,Tier 1,Tier 1,12,Tier 1,Tier 1,56854234365,48050,139802197514158362741572048050448050AdultReal1,04:00.6,102.8029671,1.48979976,114.8979976,40,2.722015356,2D72D7BA-FAB6-49FC-89F6-EA9463FFD00C,NULL,NULL,NULL,NULL,NULL
1096794,13980,21975,14158,36274,12/08/1978,1978,40,Male,en_US,15720,15/04/2019,06:03:42:000,1,705448,Yes,No,Yes,2,Identification,Identification,Adult,Real,Total,1,Yes,No,NULL,83777,2.613214336,2.613214336,429,0.118850312,164.7849173,0.982793723,0.692307692,36,30,16,6,10,8,2,0,NULL,52,42,0.680462626,106.8046263,NULL,102.0020416,NULL,74.94304768,NULL,NULL,NULL,03:50.6,36426,03:11.5,1,PRO123,DarrenSponsor,TestProcessor,138,USA - English,Session 1,384,Session One,317,NULL,NULL,450ef788-6e34-45ea-947b-5aa0dabb9eb5,12868,NULL,NULL,12,Tier 1,Tier 1,12,Tier 1,Tier 1,56854234365,48048,139802197514158362741572048048248048AdultReal1,04:00.6,102.8029671,NULL,NULL,40,NULL,2D72D7BA-FAB6-49FC-89F6-EA9463FFD00C,NULL,NULL,NULL,NULL,NULL
