StudyName,ProtocolID,CodeName,SponsorName,BatteryName,BatteryDescription,WorkflowName,WorkflowDescription,WorkflowToken,VisitScheduleName,VisitScheduleDescription,VisitSessionCode,Locality,Datafile,Tier1Min,Tier1Max,Tier2Min,Tier2Max
Ranorex,Ranorex Protocol ID,Ranorex Code Name,Cogstate,Ranorex Battery,Ranorex Battery Description,Ranorex Workflow,Ranorex Workflow Description,RanToken,Ranorex Schedule,Ranorex Schedule Description,RanVisitCode,USA - English,40yo_Tier3.txt,80,90,91,100
Ranorex,Ranorex Protocol ID,Ranorex Code Name,Cogstate,Ranorex Battery,Ranorex Battery Description,Ranorex Workflow,Ranorex Workflow Description,RanToken,Ranorex Schedule,Ranorex Schedule Description,RanVisitCode,USA - English,40yo_Tier2.txt,,,,
Ranorex,Ranorex Protocol ID,Ranorex Code Name,Cogstate,Ranorex Battery,Ranorex Battery Description,Ranorex Workflow,Ranorex Workflow Description,RanToken,Ranorex Schedule,Ranorex Schedule Description,RanVisitCode,USA - English,40yo_Tier1.txt,,,,
A,B,C,D,E,F,G,H,I,J,K,L,M,,,,,
