StudyName,DatabaseOption,BriefTitle,BriefSummary,Sponsor,AdminRole,SiteInvestigator,EventDefName,CSVConfig,CSVConfigExtra,Datafile
Lithium_,ClassicDatabase,Lithium_,Lithium_,Cogstate,Admin,Cogstate,Visit 1,RedCapConfig,GMLTExtraVariables,40yo_Tier1.txt
Ranorex,ClassicDatabase,Ranorex,Ranorex,Cogstate,Admin,Cogstate,Visit 2,RedCapConfig,GMLTExtraVariables,40yo_Tier1.txt
Ranorex,ClassicDatabase,Ranorex,Ranorex,Cogstate,Admin,Cogstate,Visit 3,RedCapConfig,GMLTExtraVariables,40yo_Tier1.txt
Ranorex,ClassicDatabase,Ranorex,Ranorex,Cogstate,Admin,Cogstate,Visit 4,RedCapConfig,GMLTExtraVariables,40yo_Tier1.txt
Android,ClassicDatabase,Android,Android,Cogstate,Admin,Cogstate,Visit 1,,,
